{"Panasonic_VBHN235SA06B__2013_":{"Vintage":"2013","Area":1.26,"Material":"a-Si \/ mono-Si","Cells_in_Series":72,"Parallel_Strings":1,"Isco":5.8738,"Voco":52.0042,"Impo":5.5383,"Vmpo":43.1204,"Aisc":0.0005,"Aimp":-0.0001,"C0":1.0015,"C1":-0.0015,"Bvoco":-0.1411,"Mbvoc":0,"Bvmpo":-0.1366,"Mbvmp":0,"N":1.029,"C2":0.2859,"C3":-5.484547,"A0":0.9161,"A1":0.07968,"A2":-0.01866,"A3":0.002278,"A4":-0.0001118,"B0":1,"B1":-0.01053,"B2":0.001149,"B3":-0.00004268,"B4":0.0000006517,"B5":-0.0000000036,"DTC":2.03,"FD":1,"A":-3.7489,"B":-0.1287,"C4":null,"C5":null,"IXO":null,"IXXO":null,"C6":null,"C7":null,"Notes":"Source:  CFV Solar Test Lab.  Tested 2013.  Module 13022-02"},"Trina_TSM_240PA05__2013_":{"Vintage":"2013","Area":1.63,"Material":"mc-Si","Cells_in_Series":60,"Parallel_Strings":1,"Isco":8.8449,"Voco":36.8926,"Impo":8.2955,"Vmpo":29.066,"Aisc":0.0004,"Aimp":-0.0003,"C0":1.0116,"C1":-0.0116,"Bvoco":-0.137,"Mbvoc":0,"Bvmpo":-0.1441,"Mbvmp":0,"N":1.2073,"C2":-0.07993,"C3":-7.276241,"A0":0.9645,"A1":0.02753,"A2":-0.002848,"A3":-0.0001439,"A4":0.00002219,"B0":1,"B1":-0.00261,"B2":0.0003279,"B3":-0.00001458,"B4":0.0000002654,"B5":-0.0000000017,"DTC":3.03,"FD":1,"A":-3.5924,"B":-0.1319,"C4":null,"C5":null,"IXO":null,"IXXO":null,"C6":null,"C7":null,"Notes":"Source:  CFV Solar Test Lab.  Tested 2013.  Module 13022-04"},"Hanwha_HSL60P6_PA_4_250T__2013_":{"Vintage":"2013","Area":1.65,"Material":"mc-Si","Cells_in_Series":60,"Parallel_Strings":1,"Isco":8.5935,"Voco":36.8075,"Impo":8.0822,"Vmpo":29.2011,"Aisc":0.0004,"Aimp":-0.0003,"C0":1.0061,"C1":-0.0061,"Bvoco":-0.1263,"Mbvoc":0,"Bvmpo":-0.1314,"Mbvmp":0,"N":1.0686,"C2":-0.2585,"C3":-9.859055,"A0":0.9428,"A1":0.0536,"A2":-0.01281,"A3":0.001826,"A4":-0.0001048,"B0":1,"B1":-0.007861,"B2":0.0009058,"B3":-0.00003496,"B4":0.0000005473,"B5":-0.0000000031,"DTC":2.55,"FD":1,"A":-3.5578,"B":-0.1766,"C4":null,"C5":null,"IXO":null,"IXXO":null,"C6":null,"C7":null,"Notes":"Source:  CFV Solar Test Lab.  Tested 2013.  Module 13022-05"},"Suniva_OPT300_72_4_100__2013_":{"Vintage":"2013","Area":1.93,"Material":"c-Si","Cells_in_Series":72,"Parallel_Strings":1,"Isco":8.5753,"Voco":44.2921,"Impo":7.963,"Vmpo":35.0837,"Aisc":0.0006,"Aimp":-0.0002,"C0":0.999,"C1":0.001,"Bvoco":-0.155,"Mbvoc":0,"Bvmpo":-0.1669,"Mbvmp":0,"N":1.0771,"C2":-0.355,"C3":-13.064291,"A0":0.9327,"A1":0.07283,"A2":-0.02402,"A3":0.003819,"A4":-0.000235,"B0":1,"B1":-0.006801,"B2":0.0007968,"B3":-0.00003095,"B4":0.0000004896,"B5":-0.0000000028,"DTC":2.58,"FD":1,"A":-3.7566,"B":-0.156,"C4":null,"C5":null,"IXO":null,"IXXO":null,"C6":null,"C7":null,"Notes":"Source:  CFV Solar Test Lab.  Tested 2013.  Module 13022-07"},"Canadian_Solar_CS6X_300M__2013_":{"Vintage":"2013","Area":1.91,"Material":"c-Si","Cells_in_Series":72,"Parallel_Strings":1,"Isco":8.6388,"Voco":43.5918,"Impo":8.1359,"Vmpo":34.9531,"Aisc":0.0005,"Aimp":-0.0001,"C0":1.0121,"C1":-0.0121,"Bvoco":-0.1532,"Mbvoc":0,"Bvmpo":-0.1634,"Mbvmp":0,"N":1.0025,"C2":-0.171,"C3":-9.397451,"A0":0.9371,"A1":0.06262,"A2":-0.01667,"A3":0.002168,"A4":-0.0001087,"B0":1,"B1":-0.00789,"B2":0.0008656,"B3":-0.00003298,"B4":0.0000005178,"B5":-0.0000000029,"DTC":3.2,"FD":1,"A":-3.6024,"B":-0.2106,"C4":null,"C5":null,"IXO":null,"IXXO":null,"C6":null,"C7":null,"Notes":"Source:  CFV Solar Test Lab.  Tested 2013.  Module 13022-08"},"LG_LG290N1C_G3__2013_":{"Vintage":"2013","Area":1.64,"Material":"c-Si","Cells_in_Series":60,"Parallel_Strings":1,"Isco":9.8525,"Voco":39.6117,"Impo":9.2473,"Vmpo":31.2921,"Aisc":0.0002,"Aimp":-0.0004,"C0":1.0145,"C1":-0.0145,"Bvoco":-0.1205,"Mbvoc":0,"Bvmpo":-0.1337,"Mbvmp":0,"N":1.0925,"C2":-0.4647,"C3":-11.900781,"A0":0.9731,"A1":0.02966,"A2":-0.01024,"A3":0.001793,"A4":-0.0001286,"B0":1,"B1":-0.0154,"B2":0.001572,"B3":-0.00005525,"B4":0.000000804,"B5":-0.0000000042,"DTC":3.05,"FD":1,"A":-3.4247,"B":-0.0951,"C4":null,"C5":null,"IXO":null,"IXXO":null,"C6":null,"C7":null,"Notes":"Source:  CFV Solar Test Lab.  Tested 2013.  Module 13022-11"},"Sharp_NDQ235F4__2013_":{"Vintage":"2013","Area":1.56,"Material":"mc-Si","Cells_in_Series":60,"Parallel_Strings":1,"Isco":8.6739,"Voco":36.8276,"Impo":8.1243,"Vmpo":29.1988,"Aisc":0.0006,"Aimp":-0.0002,"C0":1.0049,"C1":-0.0049,"Bvoco":-0.1279,"Mbvoc":0,"Bvmpo":-0.1348,"Mbvmp":0,"N":1.0695,"C2":-0.2718,"C3":-11.403347,"A0":0.9436,"A1":0.04765,"A2":-0.007405,"A3":0.0003818,"A4":-0.00001101,"B0":1,"B1":-0.00464,"B2":0.000559,"B3":-0.00002249,"B4":0.0000003673,"B5":-0.0000000021,"DTC":3.27,"FD":1,"A":-3.7445,"B":-0.149,"C4":null,"C5":null,"IXO":null,"IXXO":null,"C6":null,"C7":null,"Notes":"Source:  CFV Solar Test Lab.  Tested 2013.  Module 13022-13"},"Solar_Frontier_SF_160S__2013_":{"Vintage":"2013","Area":1.22,"Material":"CIS","Cells_in_Series":172,"Parallel_Strings":1,"Isco":2.0259,"Voco":112.5048,"Impo":1.8356,"Vmpo":86.6752,"Aisc":0.0001,"Aimp":-0.0003,"C0":1.0096,"C1":-0.0096,"Bvoco":-0.3044,"Mbvoc":0,"Bvmpo":-0.2339,"Mbvmp":0,"N":1.2066,"C2":-0.5426,"C3":-15.259846,"A0":0.9354,"A1":0.06809,"A2":-0.02094,"A3":0.00293,"A4":-0.0001564,"B0":1,"B1":-0.0152,"B2":0.001598,"B3":-0.00005682,"B4":0.0000008326,"B5":-0.0000000044,"DTC":3.29,"FD":1,"A":-3.6836,"B":-0.1483,"C4":null,"C5":null,"IXO":null,"IXXO":null,"C6":null,"C7":null,"Notes":"Source:  CFV Solar Test Lab.  Tested 2013.  Module 13022-14"},"SolarWorld_Sunmodule_250_Poly__2013_":{"Vintage":"2013","Area":1.68,"Material":"mc-Si","Cells_in_Series":60,"Parallel_Strings":1,"Isco":8.3768,"Voco":36.3806,"Impo":7.6921,"Vmpo":28.348,"Aisc":0.0006,"Aimp":-0.0001,"C0":1.0158,"C1":-0.0158,"Bvoco":-0.1393,"Mbvoc":0,"Bvmpo":-0.1449,"Mbvmp":0,"N":1.226,"C2":-0.09677,"C3":-8.511484,"A0":0.9288,"A1":0.07201,"A2":-0.02065,"A3":0.002862,"A4":-0.0001544,"B0":1,"B1":-0.00308,"B2":0.0004053,"B3":-0.00001729,"B4":0.0000002997,"B5":-0.0000000019,"DTC":3.19,"FD":1,"A":-3.73,"B":-0.1483,"C4":null,"C5":null,"IXO":null,"IXXO":null,"C6":null,"C7":null,"Notes":"Source:  CFV Solar Test Lab.  Tested 2013.  Module 13022-15"},"Silevo_Triex_U300_Black__2014_":{"Vintage":"2014","Area":1.68,"Material":"c-Si","Cells_in_Series":96,"Parallel_Strings":1,"Isco":5.771,"Voco":68.5983,"Impo":5.383,"Vmpo":55.4547,"Aisc":0.0003,"Aimp":-0.0003,"C0":0.995,"C1":0.005,"Bvoco":-0.1913,"Mbvoc":0,"Bvmpo":-0.184,"Mbvmp":0,"N":1.345,"C2":0.3221,"C3":-6.717804,"A0":0.9191,"A1":0.09988,"A2":-0.04273,"A3":0.00937,"A4":-0.0007643,"B0":1,"B1":-0.006498,"B2":0.0006908,"B3":-0.00002678,"B4":0.0000004322,"B5":-0.0000000025,"DTC":3.13,"FD":1,"A":-3.6866,"B":-0.104,"C4":null,"C5":null,"IXO":null,"IXXO":null,"C6":null,"C7":null,"Notes":"Source:  CFV Solar Test Lab.  Tested 2014.  Module 14030-01"}}